<?xml version="1.0" encoding="UTF-8"?>
<root>
  <item name="com.mooc.libnetwork.Request R cacheStrategy(int) 0">
    <annotation name="androidx.annotation.IntDef">
      <val name="value" val="{com.mooc.libnetwork.Request.CACHE_ONLY, com.mooc.libnetwork.Request.CACHE_FIRST, com.mooc.libnetwork.Request.NET_CACHE, com.mooc.libnetwork.Request.NET_ONLY}" />
    </annotation>
  </item>
  <item name="com.mooc.libnetwork.Request.CacheStrategy">
    <annotation name="androidx.annotation.IntDef">
      <val name="value" val="{com.mooc.libnetwork.Request.CACHE_ONLY, com.mooc.libnetwork.Request.CACHE_FIRST, com.mooc.libnetwork.Request.NET_CACHE, com.mooc.libnetwork.Request.NET_ONLY}" />
    </annotation>
  </item>
</root>

